{
  "name": "angular-file-model",
  "version": "0.3.1",
  "authors": [
    "Jose Luis Rivas <me@ghostbar.co>",
    "Paul-Louis Nech <me@plnech.fr>"
  ],
  "description": "Angular support for file in models",
  "main": "angular-file-model.js",
  "keywords": [
    "file",
    "model",
    "angular",
    "directory"
  ],
  "license": "MIT",
  "ignore": [
    "**/.*",
    "node_modules",
    "bower_components",
    "test.js",
    "tests",
    "example",
    "package.json"
  ],
  "dependencies": {
    "angular": ">=1.3.*"
  },
  "devDependencies": {
    "angular-mocks": ">=1.3.*"
  },
  "homepage": "https://github.com/ghostbar/angular-file-model",
  "_release": "0.3.1",
  "_resolution": {
    "type": "version",
    "tag": "v0.3.1",
    "commit": "abbbd3f4ad2568b13a215ecd03fe885e05459ce5"
  },
  "_source": "https://github.com/ghostbar/angular-file-model.git",
  "_target": "^0.3.1",
  "_originalSource": "angular-file-model"
}