{
  "name": "jquery-bridget",
  "version": "1.1.0",
  "main": "jquery.bridget.js",
  "description": "Bridget makes jQuery widgets",
  "dependencies": {
    "jquery": ">=1.4.2 <3"
  },
  "devDependencies": {
    "qunit": "~1.10"
  },
  "homepage": "https://github.com/desandro/jquery-bridget",
  "_release": "1.1.0",
  "_resolution": {
    "type": "version",
    "tag": "v1.1.0",
    "commit": "c0df1de29766db7bfca1298a747c7c0e434d0a5d"
  },
  "_source": "https://github.com/desandro/jquery-bridget.git",
  "_target": "~1.1.0",
  "_originalSource": "jquery-bridget"
}