{
  "name": "angular-file-upload",
  "main": "dist/angular-file-upload.min.js",
  "homepage": "https://github.com/nervgh/angular-file-upload",
  "ignore": [
    "examples"
  ],
  "dependencies": {
    "angular": "^1.1.5"
  },
  "devDependencies": {
    "es5-shim": ">=3.4.0"
  },
  "keywords": [
    "angular",
    "file",
    "upload",
    "module"
  ],
  "version": "2.1.4",
  "_release": "2.1.4",
  "_resolution": {
    "type": "version",
    "tag": "v2.1.4",
    "commit": "888127c60b2946196784a3af474931ae48a8afca"
  },
  "_source": "https://github.com/nervgh/angular-file-upload.git",
  "_target": "~2.1.1",
  "_originalSource": "angular-file-upload"
}