{
  "name": "magnific-popup",
  "main": [
    "dist/jquery.magnific-popup.js",
    "dist/magnific-popup.css"
  ],
  "dependencies": {
    "jquery": ">=1.8.0"
  },
  "ignore": [
    "node_modules/",
    "components/",
    "website/",
    "libs/"
  ],
  "homepage": "https://github.com/dimsemenov/Magnific-Popup",
  "version": "1.0.1",
  "_release": "1.0.1",
  "_resolution": {
    "type": "version",
    "tag": "1.0.1",
    "commit": "351cee14e6b90f2ef1a73c0b0678839482d1f959"
  },
  "_source": "https://github.com/dimsemenov/Magnific-Popup.git",
  "_target": "~1.0.0",
  "_originalSource": "magnific-popup"
}