{
  "name": "angular-sanitize",
  "version": "1.4.12",
  "license": "MIT",
  "main": "./angular-sanitize.js",
  "ignore": [],
  "dependencies": {
    "angular": "1.4.12"
  },
  "homepage": "https://github.com/angular/bower-angular-sanitize",
  "_release": "1.4.12",
  "_resolution": {
    "type": "version",
    "tag": "v1.4.12",
    "commit": "e20ba7d4f4928dddc38af755938c8e5acc76e041"
  },
  "_source": "https://github.com/angular/bower-angular-sanitize.git",
  "_target": "~1.4.9",
  "_originalSource": "angular-sanitize"
}