{
  "name": "angular-nouislider",
  "homepage": "http://vasyabigi.github.io/angular-nouislider/",
  "version": "0.3.1",
  "main": "src/nouislider.js",
  "ignore": [
    "app"
  ],
  "keywords": [
    "angular",
    "slider",
    "range",
    "touch",
    "input",
    "slide"
  ],
  "dependencies": {
    "angular": "~1.2.6",
    "jquery": "~2.1.0",
    "nouislider": "~6.2.0"
  },
  "author": {
    "name": "Vasyl Stanislavchuk"
  },
  "_release": "0.3.1",
  "_resolution": {
    "type": "version",
    "tag": "0.3.1",
    "commit": "7fb692b93865566d7d4f089d3de92bccbd0e8cc5"
  },
  "_source": "https://github.com/vasyabigi/angular-nouislider.git",
  "_target": "~0.3.1",
  "_originalSource": "angular-nouislider"
}