{
  "name": "angular-audio",
  "version": "1.7.2",
  "description": "Total awesomeness for playing sounds in AngularJS",
  "license": "MIT",
  "main": "app/angular.audio.js",
  "homepage": "http://danielstern.github.io/ngAudio/",
  "repository": {
    "type": "git",
    "url": "git://github.com/danielstern/ngAudio.git"
  },
  "ignore": [
    "app/audio/*.*"
  ],
  "dependencies": {
    "angular": ">=1.2 < 1.6"
  },
  "devDependencies": {
    "jquery": "~2.1.4",
    "ui-router": "~0.2.15",
    "bootstrap": "~3.3.5"
  },
  "_release": "1.7.2",
  "_resolution": {
    "type": "version",
    "tag": "1.7.2",
    "commit": "199e30769ca28384c17095e85ad9944c9e29c45a"
  },
  "_source": "https://github.com/danielstern/ngAudio.git",
  "_target": "^1.7.2",
  "_originalSource": "angular-audio",
  "_direct": true
}